previewURL,pageURL,downloads,tags,likes,user_id,views,comments,tags_length,more_million_downloads,if_contain_search_words
https://cdn.pixabay.com/photo/2018/08/14/13/23/ocean-3605547_150.jpg,https://pixabay.com/photos/ocean-milky-way-boat-sailing-3605547/,3803605,"ocean, milky way, boat",6068,7645255,5814217,967,4,yes,no
https://cdn.pixabay.com/photo/2017/08/30/01/05/milky-way-2695569_150.jpg,https://pixabay.com/photos/milky-way-stars-night-sky-2695569/,5230721,"milky way, stars, night sky",6724,4397258,8159393,1223,5,yes,yes
https://cdn.pixabay.com/photo/2016/02/13/12/26/aurora-1197753_150.jpg,https://pixabay.com/photos/aurora-northern-lights-1197753/,1300260,"aurora, northern lights, aurora borealis",3517,2019050,1809718,580,5,yes,no
https://cdn.pixabay.com/photo/2016/11/29/05/45/astronomy-1867616_150.jpg,https://pixabay.com/photos/astronomy-bright-constellation-dark-1867616/,3330385,"astronomy, bright, nature background",4614,2286921,4626383,744,4,yes,no
https://cdn.pixabay.com/photo/2023/09/17/10/17/milky-way-8258264_150.jpg,https://pixabay.com/photos/milky-way-starry-sky-night-sky-8258264/,16394,"milky way, starry sky, night sky",181,27841665,21246,20,6,no,yes
https://cdn.pixabay.com/photo/2023/10/10/14/27/night-view-8306605_150.jpg,https://pixabay.com/photos/night-view-starry-sky-milky-way-8306605/,4299,"night view, starry sky, milky way",137,4749850,6331,38,6,no,yes
https://cdn.pixabay.com/photo/2023/08/19/05/24/starry-sky-8199764_150.jpg,https://pixabay.com/photos/starry-sky-milky-way-mountains-camp-8199764/,9872,"starry sky, milky way, mountains",150,4749850,13248,42,5,no,yes
https://cdn.pixabay.com/photo/2016/11/18/22/58/stars-1837306_150.jpg,https://pixabay.com/photos/stars-sky-night-starry-sky-1837306/,303359,"stars, sky, night",986,2286921,478848,120,3,no,yes
https://cdn.pixabay.com/photo/2021/11/11/09/12/lighthouse-6785763_150.jpg,https://pixabay.com/photos/lighthouse-starry-sky-universe-6785763/,154367,"lighthouse, starry sky, universe",512,4749850,187263,113,4,no,yes
https://cdn.pixabay.com/photo/2017/08/24/03/41/starry-sky-2675322_150.jpg,https://pixabay.com/photos/starry-sky-night-sky-stars-night-2675322/,623877,"starry sky, night sky, beautiful nature",1619,4397258,965988,303,6,no,yes
https://cdn.pixabay.com/photo/2017/02/09/09/11/starry-sky-2051448_150.jpg,https://pixabay.com/photos/starry-sky-milky-way-night-sky-2051448/,188999,"starry sky, milky way, night sky",1055,4501413,304319,183,6,no,yes
https://cdn.pixabay.com/photo/2023/06/05/02/01/starry-sky-8041247_150.jpg,https://pixabay.com/photos/starry-sky-universe-milky-way-grove-8041247/,3810,"starry sky, universe, milky way",132,4749850,5838,28,5,no,yes
https://cdn.pixabay.com/photo/2023/05/31/14/20/mountains-8031511_150.jpg,https://pixabay.com/photos/mountains-starry-sky-milky-way-8031511/,18597,"mountains, starry sky, nature",154,4749850,23323,36,4,no,yes
https://cdn.pixabay.com/photo/2023/01/21/13/39/night-sky-7733876_150.jpg,https://pixabay.com/photos/night-sky-stars-snow-trees-night-7733876/,64271,"night sky, stars, snow",219,10833488,80640,22,4,no,yes
https://cdn.pixabay.com/photo/2016/11/21/12/39/stars-1845140_150.jpg,https://pixabay.com/photos/stars-sky-night-starry-sky-1845140/,175930,"stars, sky, night",450,2286921,245233,75,3,no,yes
https://cdn.pixabay.com/photo/2016/09/08/12/00/stars-1654074_150.jpg,https://pixabay.com/photos/stars-sky-night-starry-night-sky-1654074/,582393,"stars, windows wallpaper, sky",1092,2,818278,169,4,no,yes
https://cdn.pixabay.com/photo/2019/12/02/12/40/milky-way-4667644_150.jpg,https://pixabay.com/photos/milky-way-human-starry-sky-star-4667644/,54475,"milky way, human, starry sky",320,4930349,75953,54,5,no,yes
https://cdn.pixabay.com/photo/2016/11/29/13/01/stars-1869692_150.jpg,https://pixabay.com/photos/stars-milky-way-night-sky-blue-sky-1869692/,75701,"stars, night sky, milky way",366,2286921,112694,75,5,no,yes
https://cdn.pixabay.com/photo/2016/11/29/12/22/stars-1869447_150.jpg,https://pixabay.com/photos/stars-sky-milky-way-galaxy-1869447/,147612,"stars, sky, milky way",308,2286921,180188,32,4,no,yes
https://cdn.pixabay.com/photo/2016/09/08/20/52/starry-sky-1655503_150.jpg,https://pixabay.com/photos/starry-sky-stars-galaxies-1655503/,166705,"starry sky, stars, galaxies",440,2,243603,56,4,no,yes
https://cdn.pixabay.com/photo/2016/11/22/21/31/dark-1850638_150.jpg,https://pixabay.com/photos/dark-sky-stars-night-outdoors-1850638/,43758,"dark, sky, nature",303,2286921,66020,30,3,no,yes
https://cdn.pixabay.com/photo/2016/09/08/20/52/stars-1655504_150.jpg,https://pixabay.com/photos/stars-night-sky-space-galaxy-1655504/,300552,"stars, 4k wallpaper 1920x1080, night sky",795,2,443041,81,6,no,yes
https://cdn.pixabay.com/photo/2020/06/13/17/51/milky-way-5295160_150.jpg,https://pixabay.com/photos/milky-way-starry-sky-night-sky-star-5295160/,217178,"milky way, cool backgrounds, starry sky",474,4397258,282321,58,6,no,yes
https://cdn.pixabay.com/photo/2020/11/06/16/38/star-trails-5718301_150.jpg,https://pixabay.com/photos/star-trails-night-sky-field-stars-5718301/,56044,"star trails, night sky, field",154,19010253,67723,24,5,no,yes
https://cdn.pixabay.com/photo/2021/05/11/06/22/night-sky-6245049_150.jpg,https://pixabay.com/photos/night-sky-tree-field-stars-starry-6245049/,71453,"night sky, tree, 4k wallpaper 1920x1080",329,4930349,97291,61,6,no,yes
https://cdn.pixabay.com/photo/2016/11/21/15/01/stars-1845852_150.jpg,https://pixabay.com/photos/stars-sky-night-starry-night-1845852/,124009,"stars, sky, night",262,2286921,166969,30,3,no,yes
https://cdn.pixabay.com/photo/2021/07/27/14/00/milky-way-6496937_150.jpg,https://pixabay.com/photos/milky-way-river-starry-sky-6496937/,37267,"milky way, river, starry sky",136,4930349,45871,29,5,no,yes
https://cdn.pixabay.com/photo/2016/11/21/13/01/backlit-1845281_150.jpg,https://pixabay.com/photos/backlit-stars-night-sky-beautiful-1845281/,71605,"backlit, stars, night sky",227,2286921,106252,36,4,no,yes
https://cdn.pixabay.com/photo/2016/03/26/22/44/sky-1281662_150.jpg,https://pixabay.com/photos/sky-night-galaxy-milky-way-stars-1281662/,45474,"sky, night, galaxy",229,2286921,69390,14,3,no,yes
https://cdn.pixabay.com/photo/2020/07/27/02/09/tent-5441144_150.jpg,https://pixabay.com/photos/tent-camping-hills-man-silhouette-5441144/,42691,"tent, night sky, camping",162,17658529,58535,33,4,no,yes
https://cdn.pixabay.com/photo/2020/07/16/07/54/starry-sky-5410078_150.jpg,https://pixabay.com/photos/starry-sky-flower-meadow-night-5410078/,86970,"starry sky, flower meadow, night",243,4930349,102570,29,5,no,yes
https://cdn.pixabay.com/photo/2020/11/14/17/50/night-sky-5742416_150.jpg,https://pixabay.com/photos/night-sky-mountains-stars-galaxy-5742416/,57333,"night sky, mountains, stars",100,9883315,64019,16,4,no,yes
https://cdn.pixabay.com/photo/2021/02/22/10/08/night-sky-6039591_150.jpg,https://pixabay.com/photos/night-sky-lake-rocks-stones-stars-6039591/,61705,"night sky, lake, rocks",123,18404671,68249,15,4,no,yes
https://cdn.pixabay.com/photo/2019/10/25/06/07/sky-4576072_150.jpg,https://pixabay.com/photos/sky-milky-way-cosmos-night-dark-4576072/,97459,"sky, milky, way",186,1812581,109875,19,3,no,yes
https://cdn.pixabay.com/photo/2021/01/30/20/42/buildings-5965278_150.jpg,https://pixabay.com/photos/buildings-skyscrapers-train-5965278/,32725,"buildings, skyscrapers, train",76,1161770,39094,10,3,no,yes
https://cdn.pixabay.com/photo/2019/09/03/04/34/milky-way-4448583_150.jpg,https://pixabay.com/photos/milky-way-starry-sky-stars-night-4448583/,12549,"milky way, starry sky, stars",44,606349,17924,6,5,no,yes
https://cdn.pixabay.com/photo/2016/02/22/10/20/human-1215160_150.jpg,https://pixabay.com/photos/people-lovers-night-sky-starry-sky-1215160/,91042,"people, lovers, night sky",834,127419,199374,107,4,no,yes
https://cdn.pixabay.com/photo/2017/02/26/09/45/starry-sky-2099828_150.jpg,https://pixabay.com/photos/starry-sky-heaven-mountain-2099828/,39857,"starry sky, heaven, mountain",328,199315,59271,62,4,no,yes
https://cdn.pixabay.com/photo/2019/07/10/17/05/trees-4329040_150.jpg,https://pixabay.com/photos/trees-starry-sky-rock-moss-4329040/,20238,"trees, starry sky, rock",320,1664300,31467,45,4,no,yes
https://cdn.pixabay.com/photo/2020/03/26/03/38/phase-of-the-moon-4969110_150.jpg,https://pixabay.com/photos/phase-of-the-moon-night-star-4969110/,29176,"phase of the moon, night star, night sky",326,13452116,37298,84,8,no,yes
https://cdn.pixabay.com/photo/2020/10/08/10/48/lake-5637585_150.jpg,https://pixabay.com/photos/lake-traveler-night-sky-water-5637585/,36343,"lake, traveler, night sky",142,13452116,41274,83,4,no,yes
https://cdn.pixabay.com/photo/2020/06/13/17/50/milky-way-5295155_150.jpg,https://pixabay.com/photos/milky-way-starry-sky-night-sky-star-5295155/,42129,"milky way, starry sky, beautiful wallpaper",375,4397258,71912,56,6,no,yes
https://cdn.pixabay.com/photo/2011/12/15/09/37/galaxy-11139_150.jpg,https://pixabay.com/photos/galaxy-starry-sky-stars-ngc-4414-11139/,76687,"galaxy, starry sky, stars",409,1897,107530,75,4,no,yes
https://cdn.pixabay.com/photo/2017/01/02/14/31/starry-sky-1946936_150.jpg,https://pixabay.com/photos/starry-sky-stars-mountains-1946936/,21635,"starry sky, stars, mountains",178,199315,53693,32,4,no,yes
https://cdn.pixabay.com/photo/2023/03/24/04/20/airplane-7873308_150.jpg,https://pixabay.com/photos/airplane-starry-sky-milky-way-7873308/,3187,"airplane, starry sky, milky way",60,4749850,3776,21,5,no,yes
https://cdn.pixabay.com/photo/2017/02/18/21/48/milky-way-2078342_150.jpg,https://pixabay.com/photos/milky-way-starry-sky-sky-star-2078342/,29675,"milky way, starry sky, sky",224,4597981,55900,28,5,no,yes
https://cdn.pixabay.com/photo/2017/03/28/07/29/milky-way-2181250_150.jpg,https://pixabay.com/photos/milky-way-astro-starry-sky-stars-2181250/,17451,"milky way, astro, starry sky",142,4930349,30301,16,5,no,yes
https://cdn.pixabay.com/photo/2017/10/28/13/48/desert-2897107_150.jpg,https://pixabay.com/photos/desert-night-starry-sky-person-2897107/,29791,"desert, night, starry sky",363,1627417,62634,60,4,no,yes
https://cdn.pixabay.com/photo/2015/12/17/05/21/star-1096934_150.jpg,https://pixabay.com/photos/stars-night-sky-pyramids-sphinx-1096934/,29062,"stars, night sky, pyramids",218,97947,49303,35,4,no,yes
https://cdn.pixabay.com/photo/2020/06/25/03/48/moon-5338374_150.jpg,https://pixabay.com/photos/moon-eclipse-starry-sky-hills-5338374/,35161,"moon, eclipse, starry sky",183,13452116,45752,61,4,no,yes
https://cdn.pixabay.com/photo/2017/06/06/15/10/the-milky-way-2377474_150.jpg,https://pixabay.com/photos/galaxy-starry-sky-tibet-tibet-2377474/,9136,"galaxy, starry sky, tibet",98,5537504,24260,13,4,no,yes
https://cdn.pixabay.com/photo/2017/09/11/23/09/milky-way-2740777_150.jpg,https://pixabay.com/photos/milky-way-star-starry-sky-cosmos-2740777/,18346,"milky way, star, starry sky",140,5039407,35763,19,5,no,yes
https://cdn.pixabay.com/photo/2022/10/19/06/44/stars-7531711_150.jpg,https://pixabay.com/photos/stars-starry-sky-night-sky-7531711/,1340,"stars, starry sky, night sky",42,4994132,1719,17,5,no,yes
https://cdn.pixabay.com/photo/2017/03/04/18/57/starry-sky-2116792_150.jpg,https://pixabay.com/photos/starry-sky-night-shot-night-sky-2116792/,113754,"starry sky, night shot, night sky",161,4397258,131032,18,6,no,yes
https://cdn.pixabay.com/photo/2017/03/27/22/42/night-photograph-2180474_150.jpg,https://pixabay.com/photos/night-shot-starry-sky-night-sky-2180474/,44226,"night shot, starry sky, night sky",122,4397258,55526,11,6,no,yes
https://cdn.pixabay.com/photo/2016/11/03/07/03/moose-1793632_150.jpg,https://pixabay.com/photos/moose-animal-starry-sky-nature-1793632/,17729,"moose, animal, starry sky",165,127419,32499,15,4,no,yes
https://cdn.pixabay.com/photo/2014/12/07/09/30/milky-way-559641_150.jpg,https://pixabay.com/photos/milky-way-night-sky-stars-559641/,43348,"milky way, night sky, stars",120,630416,61196,17,5,no,yes
https://cdn.pixabay.com/photo/2022/05/22/20/13/sea-7214616_150.jpg,https://pixabay.com/photos/sea-rowboat-starry-sky-boat-ocean-7214616/,2285,"sea, rowboat, starry sky",40,51863,3052,5,4,no,yes
https://cdn.pixabay.com/photo/2016/10/27/16/55/starry-sky-1775745_150.jpg,https://pixabay.com/photos/starry-sky-stars-night-sky-astro-1775745/,3605,"starry sky, stars, night sky",36,1559919,10992,8,5,no,yes
https://cdn.pixabay.com/photo/2016/09/09/08/57/starry-sky-1656491_150.jpg,https://pixabay.com/photos/starry-sky-night-hills-the-bonfire-1656491/,5914,"starry sky, night, hills",60,3167074,14132,13,4,no,yes
https://cdn.pixabay.com/photo/2017/07/30/00/03/night-photograph-2553103_150.jpg,https://pixabay.com/photos/night-shot-starry-sky-night-sky-2553103/,39296,"night shot, starry sky, night sky",138,4397258,49273,18,6,no,yes
https://cdn.pixabay.com/photo/2019/03/22/08/40/night-4072727_150.jpg,https://pixabay.com/photos/night-sky-trees-forest-blue-4072727/,6267,"night, sky, trees",103,7645255,10195,17,3,no,yes
https://cdn.pixabay.com/photo/2023/10/17/12/23/stars-8321032_150.jpg,https://pixabay.com/photos/stars-starry-sky-night-galaxy-8321032/,3390,"stars, starry sky, night",4,36819490,3423,0,4,no,yes
https://cdn.pixabay.com/photo/2020/11/09/20/14/milky-way-5727732_150.jpg,https://pixabay.com/photos/milky-way-night-sky-sea-ocean-5727732/,2240,"milky way, night sky, sea",45,7554155,5620,6,5,no,yes
https://cdn.pixabay.com/photo/2017/02/14/11/47/natural-2065714_150.jpg,https://pixabay.com/photos/natural-starry-sky-night-view-2065714/,5450,"natural, starry sky, night view",30,4554086,14283,7,5,no,yes
https://cdn.pixabay.com/photo/2020/04/13/18/16/starry-sky-5039634_150.jpg,https://pixabay.com/photos/starry-sky-galaxy-fog-background-5039634/,7024,"starry sky, wallpaper 4k, 4k wallpaper 1920x1080",137,1664300,10105,28,7,no,yes
https://cdn.pixabay.com/photo/2023/06/01/08/48/milky-way-8033188_150.jpg,https://pixabay.com/photos/milky-way-starry-sky-night-bridge-8033188/,352,"milky way, starry sky, night",21,4930349,445,3,5,no,yes
